
--INSERCION DE DATOS PARA LAS TABLAS
INSERT INTO elecciones.departamento (codigo_depto, nombre_depto) VALUES(1,'Guatemala');
INSERT INTO elecciones.departamento (CODIGO_DEPTO, NOMBRE_DEPTO) VALUES(2,'Quetzaltenango');
INSERT INTO elecciones.departamento (CODIGO_DEPTO, NOMBRE_DEPTO) VALUES(3,'Alta Verapaz');
INSERT INTO elecciones.departamento (CODIGO_DEPTO, NOMBRE_DEPTO) VALUES(4,'Chimaltenango');
INSERT INTO elecciones.departamento (CODIGO_DEPTO, NOMBRE_DEPTO) VALUES(5,'Escuintla');

INSERT INTO elecciones.municipio (CODIGO_MUNI, DEPTO_MUNI, NOMBRE_MUNI) VALUES(1,1,'Guatemala');
INSERT INTO elecciones.municipio (CODIGO_MUNI, DEPTO_MUNI, NOMBRE_MUNI) VALUES(2,1,'Villa Canales');
INSERT INTO elecciones.municipio (CODIGO_MUNI, DEPTO_MUNI, NOMBRE_MUNI) VALUES(3,1,'Palencia');
INSERT INTO elecciones.municipio (CODIGO_MUNI, DEPTO_MUNI, NOMBRE_MUNI) VALUES(4,1,'San Miguel Petapa');
INSERT INTO elecciones.municipio (CODIGO_MUNI, DEPTO_MUNI, NOMBRE_MUNI) VALUES(5,1,'San Jose Pinula');
INSERT INTO elecciones.municipio (CODIGO_MUNI, DEPTO_MUNI, NOMBRE_MUNI) VALUES(6,2,'Quetzaltenango');
INSERT INTO elecciones.municipio (CODIGO_MUNI, DEPTO_MUNI, NOMBRE_MUNI) VALUES(7,2,'Olintepeque');
INSERT INTO elecciones.municipio (CODIGO_MUNI, DEPTO_MUNI, NOMBRE_MUNI) VALUES(8,2,'Zunil');
INSERT INTO elecciones.municipio (CODIGO_MUNI, DEPTO_MUNI, NOMBRE_MUNI) VALUES(9,2,'La Esperanza');
INSERT INTO elecciones.municipio (CODIGO_MUNI, DEPTO_MUNI, NOMBRE_MUNI) VALUES(10,2,'Coban');
INSERT INTO elecciones.municipio (CODIGO_MUNI, DEPTO_MUNI, NOMBRE_MUNI) VALUES(11,3,'Tactic');
INSERT INTO elecciones.municipio (CODIGO_MUNI, DEPTO_MUNI, NOMBRE_MUNI) VALUES(12,3,'Chisec');
INSERT INTO elecciones.municipio (CODIGO_MUNI, DEPTO_MUNI, NOMBRE_MUNI) VALUES(13,3,'Panzoz');
INSERT INTO elecciones.municipio (CODIGO_MUNI, DEPTO_MUNI, NOMBRE_MUNI) VALUES(14,3,'San Pedro Carcha');
INSERT INTO elecciones.municipio (CODIGO_MUNI, DEPTO_MUNI, NOMBRE_MUNI) VALUES(15,3,'Fray Bartolome de las Cases');
INSERT INTO elecciones.municipio (CODIGO_MUNI, DEPTO_MUNI, NOMBRE_MUNI) VALUES(16,4,'Chimaltenango');
INSERT INTO elecciones.municipio (CODIGO_MUNI, DEPTO_MUNI, NOMBRE_MUNI) VALUES(17,4,'Tecpan');
INSERT INTO elecciones.municipio (CODIGO_MUNI, DEPTO_MUNI, NOMBRE_MUNI) VALUES(18,4,'El Tejar');
INSERT INTO elecciones.municipio (CODIGO_MUNI, DEPTO_MUNI, NOMBRE_MUNI) VALUES(19,4,'Patzicia');
INSERT INTO elecciones.municipio (CODIGO_MUNI, DEPTO_MUNI, NOMBRE_MUNI) VALUES(20,4,'Zaragoza');
INSERT INTO elecciones.municipio (CODIGO_MUNI, DEPTO_MUNI, NOMBRE_MUNI) VALUES(21,5,'Escuintla');
INSERT INTO elecciones.municipio (CODIGO_MUNI, DEPTO_MUNI, NOMBRE_MUNI) VALUES(22,5,'Iztapa');
INSERT INTO elecciones.municipio (CODIGO_MUNI, DEPTO_MUNI, NOMBRE_MUNI) VALUES(23,5,'Palin');
INSERT INTO elecciones.municipio (CODIGO_MUNI, DEPTO_MUNI, NOMBRE_MUNI) VALUES(24,5,'Santa Lucia Cotzumalguapa');
INSERT INTO elecciones.municipio (CODIGO_MUNI, DEPTO_MUNI, NOMBRE_MUNI) VALUES(25,5,'La Democracia');

INSERT INTO elecciones.partido (CODIGO_PART, NOMBRE_PART) VALUES(1,'Vamos');
INSERT INTO elecciones.partido (CODIGO_PART, NOMBRE_PART) VALUES(2,'Todos');
INSERT INTO elecciones.partido (CODIGO_PART, NOMBRE_PART) VALUES(3,'Pan');
INSERT INTO elecciones.partido (CODIGO_PART, NOMBRE_PART) VALUES(4,'FRG');
INSERT INTO elecciones.partido (CODIGO_PART, NOMBRE_PART) VALUES(5,'Mas');

INSERT INTO elecciones.eleccion (CODIGO_ELE, NOMBRE_ELE) VALUES(1,'Presidente');
INSERT INTO elecciones.eleccion (CODIGO_ELE, NOMBRE_ELE) VALUES(2,'Alcalde');

--ACTAS PRESIDENTE
INSERT INTO elecciones.acta (numero_mesa, tipo_eleccion, departamento, municipio, papeletas_recibidas, total_votos_validos, votos_nulos, votos_blanco, votos_validos_emitidos, votos_invalidos) VALUES(1,1,1,1,107,100,5,2,100,0);
INSERT INTO elecciones.acta (numero_mesa, tipo_eleccion, departamento, municipio, papeletas_recibidas, total_votos_validos, votos_nulos, votos_blanco, votos_validos_emitidos, votos_invalidos) VALUES(2,1,1,2,153,150,1,2,150,0);
INSERT INTO elecciones.acta (numero_mesa, tipo_eleccion, departamento, municipio, papeletas_recibidas, total_votos_validos, votos_nulos, votos_blanco, votos_validos_emitidos, votos_invalidos) VALUES(3,1,1,3,105,102,2,0,102,0);
INSERT INTO elecciones.acta (numero_mesa, tipo_eleccion, departamento, municipio, papeletas_recibidas, total_votos_validos, votos_nulos, votos_blanco, votos_validos_emitidos, votos_invalidos) VALUES(4,1,1,4,91,90,0,1,91,0);
INSERT INTO elecciones.acta (numero_mesa, tipo_eleccion, departamento, municipio, papeletas_recibidas, total_votos_validos, votos_nulos, votos_blanco, votos_validos_emitidos, votos_invalidos) VALUES(5,1,1,5,123,122,0,0,122,1);
INSERT INTO elecciones.acta (numero_mesa, tipo_eleccion, departamento, municipio, papeletas_recibidas, total_votos_validos, votos_nulos, votos_blanco, votos_validos_emitidos, votos_invalidos) VALUES(6,1,2,6,110,101,6,3,101,0);
INSERT INTO elecciones.acta (numero_mesa, tipo_eleccion, departamento, municipio, papeletas_recibidas, total_votos_validos, votos_nulos, votos_blanco, votos_validos_emitidos, votos_invalidos) VALUES(7,1,2,7,157,151,2,3,151,1);
INSERT INTO elecciones.acta (numero_mesa, tipo_eleccion, departamento, municipio, papeletas_recibidas, total_votos_validos, votos_nulos, votos_blanco, votos_validos_emitidos, votos_invalidos) VALUES(8,1,2,8,108,103,3,1,103,1);
INSERT INTO elecciones.acta (numero_mesa, tipo_eleccion, departamento, municipio, papeletas_recibidas, total_votos_validos, votos_nulos, votos_blanco, votos_validos_emitidos, votos_invalidos) VALUES(9,1,2,9,91,91,0,1,91,0);
INSERT INTO elecciones.acta (numero_mesa, tipo_eleccion, departamento, municipio, papeletas_recibidas, total_votos_validos, votos_nulos, votos_blanco, votos_validos_emitidos, votos_invalidos) VALUES(10,1,2,10,124,123,0,0,123,1);
INSERT INTO elecciones.acta (numero_mesa, tipo_eleccion, departamento, municipio, papeletas_recibidas, total_votos_validos, votos_nulos, votos_blanco, votos_validos_emitidos, votos_invalidos) VALUES(11,1,3,11,111,101,6,4,101,0);
INSERT INTO elecciones.acta (numero_mesa, tipo_eleccion, departamento, municipio, papeletas_recibidas, total_votos_validos, votos_nulos, votos_blanco, votos_validos_emitidos, votos_invalidos) VALUES(12,1,3,12,158,151,3,3,151,1);
INSERT INTO elecciones.acta (numero_mesa, tipo_eleccion, departamento, municipio, papeletas_recibidas, total_votos_validos, votos_nulos, votos_blanco, votos_validos_emitidos, votos_invalidos) VALUES(13,1,3,13,109,103,3,1,103,2);
INSERT INTO elecciones.acta (numero_mesa, tipo_eleccion, departamento, municipio, papeletas_recibidas, total_votos_validos, votos_nulos, votos_blanco, votos_validos_emitidos, votos_invalidos) VALUES(14,1,3,14,56,25,0,1,25,29);
INSERT INTO elecciones.acta (numero_mesa, tipo_eleccion, departamento, municipio, papeletas_recibidas, total_votos_validos, votos_nulos, votos_blanco, votos_validos_emitidos, votos_invalidos) VALUES(15,1,3,15,45,40,5,0,40,0);
INSERT INTO elecciones.acta (numero_mesa, tipo_eleccion, departamento, municipio, papeletas_recibidas, total_votos_validos, votos_nulos, votos_blanco, votos_validos_emitidos, votos_invalidos) VALUES(16,1,4,16,35,30,5,0,30,0);
INSERT INTO elecciones.acta (numero_mesa, tipo_eleccion, departamento, municipio, papeletas_recibidas, total_votos_validos, votos_nulos, votos_blanco, votos_validos_emitidos, votos_invalidos) VALUES(17,1,4,17,75,50,20,5,50,1);
INSERT INTO elecciones.acta (numero_mesa, tipo_eleccion, departamento, municipio, papeletas_recibidas, total_votos_validos, votos_nulos, votos_blanco, votos_validos_emitidos, votos_invalidos) VALUES(18,1,4,18,66,63,3,0,63,0);
INSERT INTO elecciones.acta (numero_mesa, tipo_eleccion, departamento, municipio, papeletas_recibidas, total_votos_validos, votos_nulos, votos_blanco, votos_validos_emitidos, votos_invalidos) VALUES(19,1,4,19,56,25,0,0,25,31);
INSERT INTO elecciones.acta (numero_mesa, tipo_eleccion, departamento, municipio, papeletas_recibidas, total_votos_validos, votos_nulos, votos_blanco, votos_validos_emitidos, votos_invalidos) VALUES(20,1,4,20,44,40,4,0,44,0);
INSERT INTO elecciones.acta (numero_mesa, tipo_eleccion, departamento, municipio, papeletas_recibidas, total_votos_validos, votos_nulos, votos_blanco, votos_validos_emitidos, votos_invalidos) VALUES(21,1,5,21,36,31,5,0,30,0);
INSERT INTO elecciones.acta (numero_mesa, tipo_eleccion, departamento, municipio, papeletas_recibidas, total_votos_validos, votos_nulos, votos_blanco, votos_validos_emitidos, votos_invalidos) VALUES(22,1,5,22,76,51,20,5,51,1);
INSERT INTO elecciones.acta (numero_mesa, tipo_eleccion, departamento, municipio, papeletas_recibidas, total_votos_validos, votos_nulos, votos_blanco, votos_validos_emitidos, votos_invalidos) VALUES(23,1,5,23,67,64,3,0,64,0);
INSERT INTO elecciones.acta (numero_mesa, tipo_eleccion, departamento, municipio, papeletas_recibidas, total_votos_validos, votos_nulos, votos_blanco, votos_validos_emitidos, votos_invalidos) VALUES(24,1,5,24,55,25,0,0,25,30);
INSERT INTO elecciones.acta (numero_mesa, tipo_eleccion, departamento, municipio, papeletas_recibidas, total_votos_validos, votos_nulos, votos_blanco, votos_validos_emitidos, votos_invalidos) VALUES(25,1,5,25,45,40,5,0,44,0);
--ACTAS ALCALDE
INSERT INTO elecciones.acta (numero_mesa, tipo_eleccion, departamento, municipio, papeletas_recibidas, total_votos_validos, votos_nulos, votos_blanco, votos_validos_emitidos, votos_invalidos) VALUES(26,2,1,1,107,100,5,2,100,0);
INSERT INTO elecciones.acta (numero_mesa, tipo_eleccion, departamento, municipio, papeletas_recibidas, total_votos_validos, votos_nulos, votos_blanco, votos_validos_emitidos, votos_invalidos) VALUES(27,2,1,2,153,150,1,2,150,0);
INSERT INTO elecciones.acta (numero_mesa, tipo_eleccion, departamento, municipio, papeletas_recibidas, total_votos_validos, votos_nulos, votos_blanco, votos_validos_emitidos, votos_invalidos) VALUES(28,2,1,3,105,102,2,0,102,0);
INSERT INTO elecciones.acta (numero_mesa, tipo_eleccion, departamento, municipio, papeletas_recibidas, total_votos_validos, votos_nulos, votos_blanco, votos_validos_emitidos, votos_invalidos) VALUES(29,2,1,4,91,90,0,1,91,0);
INSERT INTO elecciones.acta (numero_mesa, tipo_eleccion, departamento, municipio, papeletas_recibidas, total_votos_validos, votos_nulos, votos_blanco, votos_validos_emitidos, votos_invalidos) VALUES(30,2,1,5,123,122,0,0,122,1);
INSERT INTO elecciones.acta (numero_mesa, tipo_eleccion, departamento, municipio, papeletas_recibidas, total_votos_validos, votos_nulos, votos_blanco, votos_validos_emitidos, votos_invalidos) VALUES(31,2,2,6,110,101,6,3,101,0);
INSERT INTO elecciones.acta (numero_mesa, tipo_eleccion, departamento, municipio, papeletas_recibidas, total_votos_validos, votos_nulos, votos_blanco, votos_validos_emitidos, votos_invalidos) VALUES(32,2,2,7,157,151,2,3,151,1);
INSERT INTO elecciones.acta (numero_mesa, tipo_eleccion, departamento, municipio, papeletas_recibidas, total_votos_validos, votos_nulos, votos_blanco, votos_validos_emitidos, votos_invalidos) VALUES(33,2,2,8,108,103,3,1,103,1);
INSERT INTO elecciones.acta (numero_mesa, tipo_eleccion, departamento, municipio, papeletas_recibidas, total_votos_validos, votos_nulos, votos_blanco, votos_validos_emitidos, votos_invalidos) VALUES(34,2,2,9,91,91,0,1,91,0);
INSERT INTO elecciones.acta (numero_mesa, tipo_eleccion, departamento, municipio, papeletas_recibidas, total_votos_validos, votos_nulos, votos_blanco, votos_validos_emitidos, votos_invalidos) VALUES(35,2,2,10,124,123,0,0,123,1);
INSERT INTO elecciones.acta (numero_mesa, tipo_eleccion, departamento, municipio, papeletas_recibidas, total_votos_validos, votos_nulos, votos_blanco, votos_validos_emitidos, votos_invalidos) VALUES(36,2,3,11,111,101,6,4,101,0);
INSERT INTO elecciones.acta (numero_mesa, tipo_eleccion, departamento, municipio, papeletas_recibidas, total_votos_validos, votos_nulos, votos_blanco, votos_validos_emitidos, votos_invalidos) VALUES(37,2,3,12,158,151,3,3,151,1);
INSERT INTO elecciones.acta (numero_mesa, tipo_eleccion, departamento, municipio, papeletas_recibidas, total_votos_validos, votos_nulos, votos_blanco, votos_validos_emitidos, votos_invalidos) VALUES(38,2,3,13,109,103,3,1,103,2);
INSERT INTO elecciones.acta (numero_mesa, tipo_eleccion, departamento, municipio, papeletas_recibidas, total_votos_validos, votos_nulos, votos_blanco, votos_validos_emitidos, votos_invalidos) VALUES(39,2,3,14,56,25,0,1,25,29);
INSERT INTO elecciones.acta (numero_mesa, tipo_eleccion, departamento, municipio, papeletas_recibidas, total_votos_validos, votos_nulos, votos_blanco, votos_validos_emitidos, votos_invalidos) VALUES(40,2,3,15,45,40,5,0,40,0);
INSERT INTO elecciones.acta (numero_mesa, tipo_eleccion, departamento, municipio, papeletas_recibidas, total_votos_validos, votos_nulos, votos_blanco, votos_validos_emitidos, votos_invalidos) VALUES(41,2,4,16,35,30,5,0,30,0);
INSERT INTO elecciones.acta (numero_mesa, tipo_eleccion, departamento, municipio, papeletas_recibidas, total_votos_validos, votos_nulos, votos_blanco, votos_validos_emitidos, votos_invalidos) VALUES(42,2,4,17,75,50,20,5,50,1);
INSERT INTO elecciones.acta (numero_mesa, tipo_eleccion, departamento, municipio, papeletas_recibidas, total_votos_validos, votos_nulos, votos_blanco, votos_validos_emitidos, votos_invalidos) VALUES(43,2,4,18,66,63,3,0,63,0);
INSERT INTO elecciones.acta (numero_mesa, tipo_eleccion, departamento, municipio, papeletas_recibidas, total_votos_validos, votos_nulos, votos_blanco, votos_validos_emitidos, votos_invalidos) VALUES(44,2,4,19,56,25,0,0,25,31);
INSERT INTO elecciones.acta (numero_mesa, tipo_eleccion, departamento, municipio, papeletas_recibidas, total_votos_validos, votos_nulos, votos_blanco, votos_validos_emitidos, votos_invalidos) VALUES(45,2,4,20,44,40,4,0,44,0);
INSERT INTO elecciones.acta (numero_mesa, tipo_eleccion, departamento, municipio, papeletas_recibidas, total_votos_validos, votos_nulos, votos_blanco, votos_validos_emitidos, votos_invalidos) VALUES(46,2,5,21,36,31,5,0,30,0);
INSERT INTO elecciones.acta (numero_mesa, tipo_eleccion, departamento, municipio, papeletas_recibidas, total_votos_validos, votos_nulos, votos_blanco, votos_validos_emitidos, votos_invalidos) VALUES(47,2,5,22,76,51,20,5,51,1);
INSERT INTO elecciones.acta (numero_mesa, tipo_eleccion, departamento, municipio, papeletas_recibidas, total_votos_validos, votos_nulos, votos_blanco, votos_validos_emitidos, votos_invalidos) VALUES(48,2,5,23,67,64,3,0,64,0);
INSERT INTO elecciones.acta (numero_mesa, tipo_eleccion, departamento, municipio, papeletas_recibidas, total_votos_validos, votos_nulos, votos_blanco, votos_validos_emitidos, votos_invalidos) VALUES(49,2,5,24,55,25,0,0,25,30);
INSERT INTO elecciones.acta (numero_mesa, tipo_eleccion, departamento, municipio, papeletas_recibidas, total_votos_validos, votos_nulos, votos_blanco, votos_validos_emitidos, votos_invalidos) VALUES(50,2,5,25,45,40,5,0,44,0);
--VOTOS PRESIDENTE
INSERT INTO elecciones.voto (voto_partido, voto_mesa, voto_eleccion, voto_cantidad) VALUES(1,1,1,15);
INSERT INTO elecciones.voto (voto_partido, voto_mesa, voto_eleccion, voto_cantidad) VALUES(2,1,1,34);
INSERT INTO elecciones.voto (voto_partido, voto_mesa, voto_eleccion, voto_cantidad) VALUES(3,1,1,22);
INSERT INTO elecciones.voto (voto_partido, voto_mesa, voto_eleccion, voto_cantidad) VALUES(4,1,1,5);
INSERT INTO elecciones.voto (voto_partido, voto_mesa, voto_eleccion, voto_cantidad) VALUES(5,1,1,3);
INSERT INTO elecciones.voto (voto_partido, voto_mesa, voto_eleccion, voto_cantidad) VALUES(1,2,1,22);
INSERT INTO elecciones.voto (voto_partido, voto_mesa, voto_eleccion, voto_cantidad) VALUES(2,2,1,13);
INSERT INTO elecciones.voto (voto_partido, voto_mesa, voto_eleccion, voto_cantidad) VALUES(3,2,1,12);
INSERT INTO elecciones.voto (voto_partido, voto_mesa, voto_eleccion, voto_cantidad) VALUES(4,2,1,15);
INSERT INTO elecciones.voto (voto_partido, voto_mesa, voto_eleccion, voto_cantidad) VALUES(5,2,1,13);
INSERT INTO elecciones.voto (voto_partido, voto_mesa, voto_eleccion, voto_cantidad) VALUES(1,3,1,21);
INSERT INTO elecciones.voto (voto_partido, voto_mesa, voto_eleccion, voto_cantidad) VALUES(2,3,1,11);
INSERT INTO elecciones.voto (voto_partido, voto_mesa, voto_eleccion, voto_cantidad) VALUES(3,3,1,15);
INSERT INTO elecciones.voto (voto_partido, voto_mesa, voto_eleccion, voto_cantidad) VALUES(4,3,1,25);
INSERT INTO elecciones.voto (voto_partido, voto_mesa, voto_eleccion, voto_cantidad) VALUES(5,3,1,33);
INSERT INTO elecciones.voto (voto_partido, voto_mesa, voto_eleccion, voto_cantidad) VALUES(1,4,1,27);
INSERT INTO elecciones.voto (voto_partido, voto_mesa, voto_eleccion, voto_cantidad) VALUES(2,4,1,11);
INSERT INTO elecciones.voto (voto_partido, voto_mesa, voto_eleccion, voto_cantidad) VALUES(3,4,1,26);
INSERT INTO elecciones.voto (voto_partido, voto_mesa, voto_eleccion, voto_cantidad) VALUES(4,4,1,5);
INSERT INTO elecciones.voto (voto_partido, voto_mesa, voto_eleccion, voto_cantidad) VALUES(5,4,1,3);
INSERT INTO elecciones.voto (voto_partido, voto_mesa, voto_eleccion, voto_cantidad) VALUES(1,5,1,16);
INSERT INTO elecciones.voto (voto_partido, voto_mesa, voto_eleccion, voto_cantidad) VALUES(2,5,1,7);
INSERT INTO elecciones.voto (voto_partido, voto_mesa, voto_eleccion, voto_cantidad) VALUES(3,5,1,35);
INSERT INTO elecciones.voto (voto_partido, voto_mesa, voto_eleccion, voto_cantidad) VALUES(4,5,1,66);
INSERT INTO elecciones.voto (voto_partido, voto_mesa, voto_eleccion, voto_cantidad) VALUES(5,5,1,1);

INSERT INTO elecciones.voto (voto_partido, voto_mesa, voto_eleccion, voto_cantidad) VALUES(1,6,1,12);
INSERT INTO elecciones.voto (voto_partido, voto_mesa, voto_eleccion, voto_cantidad) VALUES(2,6,1,15);
INSERT INTO elecciones.voto (voto_partido, voto_mesa, voto_eleccion, voto_cantidad) VALUES(3,6,1,3);
INSERT INTO elecciones.voto (voto_partido, voto_mesa, voto_eleccion, voto_cantidad) VALUES(4,6,1,1);
INSERT INTO elecciones.voto (voto_partido, voto_mesa, voto_eleccion, voto_cantidad) VALUES(5,6,1,17);
INSERT INTO elecciones.voto (voto_partido, voto_mesa, voto_eleccion, voto_cantidad) VALUES(1,7,1,21);
INSERT INTO elecciones.voto (voto_partido, voto_mesa, voto_eleccion, voto_cantidad) VALUES(2,7,1,33);
INSERT INTO elecciones.voto (voto_partido, voto_mesa, voto_eleccion, voto_cantidad) VALUES(3,7,1,5);
INSERT INTO elecciones.voto (voto_partido, voto_mesa, voto_eleccion, voto_cantidad) VALUES(4,7,1,6);
INSERT INTO elecciones.voto (voto_partido, voto_mesa, voto_eleccion, voto_cantidad) VALUES(5,7,1,11);
INSERT INTO elecciones.voto (voto_partido, voto_mesa, voto_eleccion, voto_cantidad) VALUES(1,8,1,8);
INSERT INTO elecciones.voto (voto_partido, voto_mesa, voto_eleccion, voto_cantidad) VALUES(2,8,1,7);
INSERT INTO elecciones.voto (voto_partido, voto_mesa, voto_eleccion, voto_cantidad) VALUES(3,8,1,5);
INSERT INTO elecciones.voto (voto_partido, voto_mesa, voto_eleccion, voto_cantidad) VALUES(4,8,1,15);
INSERT INTO elecciones.voto (voto_partido, voto_mesa, voto_eleccion, voto_cantidad) VALUES(5,8,1,14);
INSERT INTO elecciones.voto (voto_partido, voto_mesa, voto_eleccion, voto_cantidad) VALUES(1,9,1,7);
INSERT INTO elecciones.voto (voto_partido, voto_mesa, voto_eleccion, voto_cantidad) VALUES(2,9,1,1);
INSERT INTO elecciones.voto (voto_partido, voto_mesa, voto_eleccion, voto_cantidad) VALUES(3,9,1,6);
INSERT INTO elecciones.voto (voto_partido, voto_mesa, voto_eleccion, voto_cantidad) VALUES(4,9,1,25);
INSERT INTO elecciones.voto (voto_partido, voto_mesa, voto_eleccion, voto_cantidad) VALUES(5,9,1,13);
INSERT INTO elecciones.voto (voto_partido, voto_mesa, voto_eleccion, voto_cantidad) VALUES(1,10,1,6);
INSERT INTO elecciones.voto (voto_partido, voto_mesa, voto_eleccion, voto_cantidad) VALUES(2,10,1,27);
INSERT INTO elecciones.voto (voto_partido, voto_mesa, voto_eleccion, voto_cantidad) VALUES(3,10,1,5);
INSERT INTO elecciones.voto (voto_partido, voto_mesa, voto_eleccion, voto_cantidad) VALUES(4,10,1,16);
INSERT INTO elecciones.voto (voto_partido, voto_mesa, voto_eleccion, voto_cantidad) VALUES(5,10,1,12);

INSERT INTO elecciones.voto (voto_partido, voto_mesa, voto_eleccion, voto_cantidad) VALUES(1,11,1,32);
INSERT INTO elecciones.voto (voto_partido, voto_mesa, voto_eleccion, voto_cantidad) VALUES(2,11,1,17);
INSERT INTO elecciones.voto (voto_partido, voto_mesa, voto_eleccion, voto_cantidad) VALUES(3,11,1,32);
INSERT INTO elecciones.voto (voto_partido, voto_mesa, voto_eleccion, voto_cantidad) VALUES(4,11,1,11);
INSERT INTO elecciones.voto (voto_partido, voto_mesa, voto_eleccion, voto_cantidad) VALUES(5,11,1,1);
INSERT INTO elecciones.voto (voto_partido, voto_mesa, voto_eleccion, voto_cantidad) VALUES(1,12,1,2);
INSERT INTO elecciones.voto (voto_partido, voto_mesa, voto_eleccion, voto_cantidad) VALUES(2,12,1,35);
INSERT INTO elecciones.voto (voto_partido, voto_mesa, voto_eleccion, voto_cantidad) VALUES(3,12,1,12);
INSERT INTO elecciones.voto (voto_partido, voto_mesa, voto_eleccion, voto_cantidad) VALUES(4,12,1,15);
INSERT INTO elecciones.voto (voto_partido, voto_mesa, voto_eleccion, voto_cantidad) VALUES(5,12,1,1);
INSERT INTO elecciones.voto (voto_partido, voto_mesa, voto_eleccion, voto_cantidad) VALUES(1,13,1,18);
INSERT INTO elecciones.voto (voto_partido, voto_mesa, voto_eleccion, voto_cantidad) VALUES(2,13,1,17);
INSERT INTO elecciones.voto (voto_partido, voto_mesa, voto_eleccion, voto_cantidad) VALUES(3,13,1,51);
INSERT INTO elecciones.voto (voto_partido, voto_mesa, voto_eleccion, voto_cantidad) VALUES(4,13,1,5);
INSERT INTO elecciones.voto (voto_partido, voto_mesa, voto_eleccion, voto_cantidad) VALUES(5,13,1,24);
INSERT INTO elecciones.voto (voto_partido, voto_mesa, voto_eleccion, voto_cantidad) VALUES(1,14,1,8);
INSERT INTO elecciones.voto (voto_partido, voto_mesa, voto_eleccion, voto_cantidad) VALUES(2,14,1,18);
INSERT INTO elecciones.voto (voto_partido, voto_mesa, voto_eleccion, voto_cantidad) VALUES(3,14,1,16);
INSERT INTO elecciones.voto (voto_partido, voto_mesa, voto_eleccion, voto_cantidad) VALUES(4,14,1,15);
INSERT INTO elecciones.voto (voto_partido, voto_mesa, voto_eleccion, voto_cantidad) VALUES(5,14,1,1);
INSERT INTO elecciones.voto (voto_partido, voto_mesa, voto_eleccion, voto_cantidad) VALUES(1,15,1,61);
INSERT INTO elecciones.voto (voto_partido, voto_mesa, voto_eleccion, voto_cantidad) VALUES(2,15,1,17);
INSERT INTO elecciones.voto (voto_partido, voto_mesa, voto_eleccion, voto_cantidad) VALUES(3,15,1,35);
INSERT INTO elecciones.voto (voto_partido, voto_mesa, voto_eleccion, voto_cantidad) VALUES(4,15,1,26);
INSERT INTO elecciones.voto (voto_partido, voto_mesa, voto_eleccion, voto_cantidad) VALUES(5,15,1,2);

INSERT INTO elecciones.voto (voto_partido, voto_mesa, voto_eleccion, voto_cantidad) VALUES(1,16,1,12);
INSERT INTO elecciones.voto (voto_partido, voto_mesa, voto_eleccion, voto_cantidad) VALUES(2,16,1,27);
INSERT INTO elecciones.voto (voto_partido, voto_mesa, voto_eleccion, voto_cantidad) VALUES(3,16,1,33);
INSERT INTO elecciones.voto (voto_partido, voto_mesa, voto_eleccion, voto_cantidad) VALUES(4,16,1,21);
INSERT INTO elecciones.voto (voto_partido, voto_mesa, voto_eleccion, voto_cantidad) VALUES(5,16,1,11);
INSERT INTO elecciones.voto (voto_partido, voto_mesa, voto_eleccion, voto_cantidad) VALUES(1,17,1,32);
INSERT INTO elecciones.voto (voto_partido, voto_mesa, voto_eleccion, voto_cantidad) VALUES(2,17,1,5);
INSERT INTO elecciones.voto (voto_partido, voto_mesa, voto_eleccion, voto_cantidad) VALUES(3,17,1,2);
INSERT INTO elecciones.voto (voto_partido, voto_mesa, voto_eleccion, voto_cantidad) VALUES(4,17,1,35);
INSERT INTO elecciones.voto (voto_partido, voto_mesa, voto_eleccion, voto_cantidad) VALUES(5,17,1,11);
INSERT INTO elecciones.voto (voto_partido, voto_mesa, voto_eleccion, voto_cantidad) VALUES(1,18,1,8);
INSERT INTO elecciones.voto (voto_partido, voto_mesa, voto_eleccion, voto_cantidad) VALUES(2,18,1,1);
INSERT INTO elecciones.voto (voto_partido, voto_mesa, voto_eleccion, voto_cantidad) VALUES(3,18,1,1);
INSERT INTO elecciones.voto (voto_partido, voto_mesa, voto_eleccion, voto_cantidad) VALUES(4,18,1,5);
INSERT INTO elecciones.voto (voto_partido, voto_mesa, voto_eleccion, voto_cantidad) VALUES(5,18,1,4);
INSERT INTO elecciones.voto (voto_partido, voto_mesa, voto_eleccion, voto_cantidad) VALUES(1,19,1,5);
INSERT INTO elecciones.voto (voto_partido, voto_mesa, voto_eleccion, voto_cantidad) VALUES(2,19,1,8);
INSERT INTO elecciones.voto (voto_partido, voto_mesa, voto_eleccion, voto_cantidad) VALUES(3,19,1,6);
INSERT INTO elecciones.voto (voto_partido, voto_mesa, voto_eleccion, voto_cantidad) VALUES(4,19,1,5);
INSERT INTO elecciones.voto (voto_partido, voto_mesa, voto_eleccion, voto_cantidad) VALUES(5,19,1,12);
INSERT INTO elecciones.voto (voto_partido, voto_mesa, voto_eleccion, voto_cantidad) VALUES(1,20,1,1);
INSERT INTO elecciones.voto (voto_partido, voto_mesa, voto_eleccion, voto_cantidad) VALUES(2,20,1,7);
INSERT INTO elecciones.voto (voto_partido, voto_mesa, voto_eleccion, voto_cantidad) VALUES(3,20,1,31);
INSERT INTO elecciones.voto (voto_partido, voto_mesa, voto_eleccion, voto_cantidad) VALUES(4,20,1,6);
INSERT INTO elecciones.voto (voto_partido, voto_mesa, voto_eleccion, voto_cantidad) VALUES(5,20,1,21);

INSERT INTO elecciones.voto (voto_partido, voto_mesa, voto_eleccion, voto_cantidad) VALUES(1,21,1,2);
INSERT INTO elecciones.voto (voto_partido, voto_mesa, voto_eleccion, voto_cantidad) VALUES(2,21,1,2);
INSERT INTO elecciones.voto (voto_partido, voto_mesa, voto_eleccion, voto_cantidad) VALUES(3,21,1,3);
INSERT INTO elecciones.voto (voto_partido, voto_mesa, voto_eleccion, voto_cantidad) VALUES(4,21,1,25);
INSERT INTO elecciones.voto (voto_partido, voto_mesa, voto_eleccion, voto_cantidad) VALUES(5,21,1,18);
INSERT INTO elecciones.voto (voto_partido, voto_mesa, voto_eleccion, voto_cantidad) VALUES(1,22,1,3);
INSERT INTO elecciones.voto (voto_partido, voto_mesa, voto_eleccion, voto_cantidad) VALUES(2,22,1,52);
INSERT INTO elecciones.voto (voto_partido, voto_mesa, voto_eleccion, voto_cantidad) VALUES(3,22,1,27);
INSERT INTO elecciones.voto (voto_partido, voto_mesa, voto_eleccion, voto_cantidad) VALUES(4,22,1,3);
INSERT INTO elecciones.voto (voto_partido, voto_mesa, voto_eleccion, voto_cantidad) VALUES(5,22,1,19);
INSERT INTO elecciones.voto (voto_partido, voto_mesa, voto_eleccion, voto_cantidad) VALUES(1,23,1,8);
INSERT INTO elecciones.voto (voto_partido, voto_mesa, voto_eleccion, voto_cantidad) VALUES(2,23,1,9);
INSERT INTO elecciones.voto (voto_partido, voto_mesa, voto_eleccion, voto_cantidad) VALUES(3,23,1,3);
INSERT INTO elecciones.voto (voto_partido, voto_mesa, voto_eleccion, voto_cantidad) VALUES(4,23,1,9);
INSERT INTO elecciones.voto (voto_partido, voto_mesa, voto_eleccion, voto_cantidad) VALUES(5,23,1,41);
INSERT INTO elecciones.voto (voto_partido, voto_mesa, voto_eleccion, voto_cantidad) VALUES(1,24,1,55);
INSERT INTO elecciones.voto (voto_partido, voto_mesa, voto_eleccion, voto_cantidad) VALUES(2,24,1,28);
INSERT INTO elecciones.voto (voto_partido, voto_mesa, voto_eleccion, voto_cantidad) VALUES(3,24,1,16);
INSERT INTO elecciones.voto (voto_partido, voto_mesa, voto_eleccion, voto_cantidad) VALUES(4,24,1,15);
INSERT INTO elecciones.voto (voto_partido, voto_mesa, voto_eleccion, voto_cantidad) VALUES(5,24,1,1);
INSERT INTO elecciones.voto (voto_partido, voto_mesa, voto_eleccion, voto_cantidad) VALUES(1,25,1,13);
INSERT INTO elecciones.voto (voto_partido, voto_mesa, voto_eleccion, voto_cantidad) VALUES(2,25,1,7);
INSERT INTO elecciones.voto (voto_partido, voto_mesa, voto_eleccion, voto_cantidad) VALUES(3,25,1,1);
INSERT INTO elecciones.voto (voto_partido, voto_mesa, voto_eleccion, voto_cantidad) VALUES(4,25,1,36);
INSERT INTO elecciones.voto (voto_partido, voto_mesa, voto_eleccion, voto_cantidad) VALUES(5,25,1,51);
--VOTOS ALCALDA -- aqui ya no funciona
INSERT INTO elecciones.voto (voto_partido, voto_mesa, voto_eleccion, voto_cantidad) VALUES(1,1,2,5);
INSERT INTO elecciones.voto (voto_partido, voto_mesa, voto_eleccion, voto_cantidad) VALUES(2,1,2,34);
INSERT INTO elecciones.voto (voto_partido, voto_mesa, voto_eleccion, voto_cantidad) VALUES(3,1,2,2);
INSERT INTO elecciones.voto (voto_partido, voto_mesa, voto_eleccion, voto_cantidad) VALUES(4,1,2,5);
INSERT INTO elecciones.voto (voto_partido, voto_mesa, voto_eleccion, voto_cantidad) VALUES(5,1,2,3);
INSERT INTO elecciones.voto (voto_partido, voto_mesa, voto_eleccion, voto_cantidad) VALUES(1,2,2,2);
INSERT INTO elecciones.voto (voto_partido, voto_mesa, voto_eleccion, voto_cantidad) VALUES(2,2,2,3);
INSERT INTO elecciones.voto (voto_partido, voto_mesa, voto_eleccion, voto_cantidad) VALUES(3,2,2,2);
INSERT INTO elecciones.voto (voto_partido, voto_mesa, voto_eleccion, voto_cantidad) VALUES(4,2,2,5);
INSERT INTO elecciones.voto (voto_partido, voto_mesa, voto_eleccion, voto_cantidad) VALUES(5,2,2,3);
INSERT INTO elecciones.voto (voto_partido, voto_mesa, voto_eleccion, voto_cantidad) VALUES(1,3,2,1);
INSERT INTO elecciones.voto (voto_partido, voto_mesa, voto_eleccion, voto_cantidad) VALUES(2,3,2,1);
INSERT INTO elecciones.voto (voto_partido, voto_mesa, voto_eleccion, voto_cantidad) VALUES(3,3,2,5);
INSERT INTO elecciones.voto (voto_partido, voto_mesa, voto_eleccion, voto_cantidad) VALUES(4,3,2,5);
INSERT INTO elecciones.voto (voto_partido, voto_mesa, voto_eleccion, voto_cantidad) VALUES(5,3,2,3);
INSERT INTO elecciones.voto (voto_partido, voto_mesa, voto_eleccion, voto_cantidad) VALUES(1,4,2,7);
INSERT INTO elecciones.voto (voto_partido, voto_mesa, voto_eleccion, voto_cantidad) VALUES(2,4,2,1);
INSERT INTO elecciones.voto (voto_partido, voto_mesa, voto_eleccion, voto_cantidad) VALUES(3,4,2,6);
INSERT INTO elecciones.voto (voto_partido, voto_mesa, voto_eleccion, voto_cantidad) VALUES(4,4,2,25);
INSERT INTO elecciones.voto (voto_partido, voto_mesa, voto_eleccion, voto_cantidad) VALUES(5,4,2,39);
INSERT INTO elecciones.voto (voto_partido, voto_mesa, voto_eleccion, voto_cantidad) VALUES(1,5,2,6);
INSERT INTO elecciones.voto (voto_partido, voto_mesa, voto_eleccion, voto_cantidad) VALUES(2,5,2,73);
INSERT INTO elecciones.voto (voto_partido, voto_mesa, voto_eleccion, voto_cantidad) VALUES(3,5,2,5);
INSERT INTO elecciones.voto (voto_partido, voto_mesa, voto_eleccion, voto_cantidad) VALUES(4,5,2,6);
INSERT INTO elecciones.voto (voto_partido, voto_mesa, voto_eleccion, voto_cantidad) VALUES(5,5,2,17);

INSERT INTO elecciones.voto (voto_partido, voto_mesa, voto_eleccion, voto_cantidad) VALUES(1,6,2,2);
INSERT INTO elecciones.voto (voto_partido, voto_mesa, voto_eleccion, voto_cantidad) VALUES(2,6,2,5);
INSERT INTO elecciones.voto (voto_partido, voto_mesa, voto_eleccion, voto_cantidad) VALUES(3,6,2,34);
INSERT INTO elecciones.voto (voto_partido, voto_mesa, voto_eleccion, voto_cantidad) VALUES(4,6,2,61);
INSERT INTO elecciones.voto (voto_partido, voto_mesa, voto_eleccion, voto_cantidad) VALUES(5,6,2,7);
INSERT INTO elecciones.voto (voto_partido, voto_mesa, voto_eleccion, voto_cantidad) VALUES(1,7,2,1);
INSERT INTO elecciones.voto (voto_partido, voto_mesa, voto_eleccion, voto_cantidad) VALUES(2,7,2,73);
INSERT INTO elecciones.voto (voto_partido, voto_mesa, voto_eleccion, voto_cantidad) VALUES(3,7,2,25);
INSERT INTO elecciones.voto (voto_partido, voto_mesa, voto_eleccion, voto_cantidad) VALUES(4,7,2,46);
INSERT INTO elecciones.voto (voto_partido, voto_mesa, voto_eleccion, voto_cantidad) VALUES(5,7,2,1);
INSERT INTO elecciones.voto (voto_partido, voto_mesa, voto_eleccion, voto_cantidad) VALUES(1,8,2,81);
INSERT INTO elecciones.voto (voto_partido, voto_mesa, voto_eleccion, voto_cantidad) VALUES(2,8,2,57);
INSERT INTO elecciones.voto (voto_partido, voto_mesa, voto_eleccion, voto_cantidad) VALUES(3,8,2,52);
INSERT INTO elecciones.voto (voto_partido, voto_mesa, voto_eleccion, voto_cantidad) VALUES(4,8,2,5);
INSERT INTO elecciones.voto (voto_partido, voto_mesa, voto_eleccion, voto_cantidad) VALUES(5,8,2,4);
INSERT INTO elecciones.voto (voto_partido, voto_mesa, voto_eleccion, voto_cantidad) VALUES(1,9,2,73);
INSERT INTO elecciones.voto (voto_partido, voto_mesa, voto_eleccion, voto_cantidad) VALUES(2,9,2,15);
INSERT INTO elecciones.voto (voto_partido, voto_mesa, voto_eleccion, voto_cantidad) VALUES(3,9,2,62);
INSERT INTO elecciones.voto (voto_partido, voto_mesa, voto_eleccion, voto_cantidad) VALUES(4,9,2,5);
INSERT INTO elecciones.voto (voto_partido, voto_mesa, voto_eleccion, voto_cantidad) VALUES(5,9,2,3);
INSERT INTO elecciones.voto (voto_partido, voto_mesa, voto_eleccion, voto_cantidad) VALUES(1,10,2,61);
INSERT INTO elecciones.voto (voto_partido, voto_mesa, voto_eleccion, voto_cantidad) VALUES(2,10,2,72);
INSERT INTO elecciones.voto (voto_partido, voto_mesa, voto_eleccion, voto_cantidad) VALUES(3,10,2,55);
INSERT INTO elecciones.voto (voto_partido, voto_mesa, voto_eleccion, voto_cantidad) VALUES(4,10,2,6);
INSERT INTO elecciones.voto (voto_partido, voto_mesa, voto_eleccion, voto_cantidad) VALUES(5,10,2,2);

INSERT INTO elecciones.voto (voto_partido, voto_mesa, voto_eleccion, voto_cantidad) VALUES(1,11,2,2);
INSERT INTO elecciones.voto (voto_partido, voto_mesa, voto_eleccion, voto_cantidad) VALUES(2,11,2,7);
INSERT INTO elecciones.voto (voto_partido, voto_mesa, voto_eleccion, voto_cantidad) VALUES(3,11,2,3);
INSERT INTO elecciones.voto (voto_partido, voto_mesa, voto_eleccion, voto_cantidad) VALUES(4,11,2,1);
INSERT INTO elecciones.voto (voto_partido, voto_mesa, voto_eleccion, voto_cantidad) VALUES(5,11,2,19);
INSERT INTO elecciones.voto (voto_partido, voto_mesa, voto_eleccion, voto_cantidad) VALUES(1,12,2,27);
INSERT INTO elecciones.voto (voto_partido, voto_mesa, voto_eleccion, voto_cantidad) VALUES(2,12,2,3);
INSERT INTO elecciones.voto (voto_partido, voto_mesa, voto_eleccion, voto_cantidad) VALUES(3,12,2,2);
INSERT INTO elecciones.voto (voto_partido, voto_mesa, voto_eleccion, voto_cantidad) VALUES(4,12,2,5);
INSERT INTO elecciones.voto (voto_partido, voto_mesa, voto_eleccion, voto_cantidad) VALUES(5,12,2,1);
INSERT INTO elecciones.voto (voto_partido, voto_mesa, voto_eleccion, voto_cantidad) VALUES(1,13,2,8);
INSERT INTO elecciones.voto (voto_partido, voto_mesa, voto_eleccion, voto_cantidad) VALUES(2,13,2,7);
INSERT INTO elecciones.voto (voto_partido, voto_mesa, voto_eleccion, voto_cantidad) VALUES(3,13,2,1);
INSERT INTO elecciones.voto (voto_partido, voto_mesa, voto_eleccion, voto_cantidad) VALUES(4,13,2,45);
INSERT INTO elecciones.voto (voto_partido, voto_mesa, voto_eleccion, voto_cantidad) VALUES(5,13,2,4);
INSERT INTO elecciones.voto (voto_partido, voto_mesa, voto_eleccion, voto_cantidad) VALUES(1,14,2,48);
INSERT INTO elecciones.voto (voto_partido, voto_mesa, voto_eleccion, voto_cantidad) VALUES(2,14,2,68);
INSERT INTO elecciones.voto (voto_partido, voto_mesa, voto_eleccion, voto_cantidad) VALUES(3,14,2,6);
INSERT INTO elecciones.voto (voto_partido, voto_mesa, voto_eleccion, voto_cantidad) VALUES(4,14,2,1);
INSERT INTO elecciones.voto (voto_partido, voto_mesa, voto_eleccion, voto_cantidad) VALUES(5,14,2,18);
INSERT INTO elecciones.voto (voto_partido, voto_mesa, voto_eleccion, voto_cantidad) VALUES(1,15,2,6);
INSERT INTO elecciones.voto (voto_partido, voto_mesa, voto_eleccion, voto_cantidad) VALUES(2,15,2,7);
INSERT INTO elecciones.voto (voto_partido, voto_mesa, voto_eleccion, voto_cantidad) VALUES(3,15,2,5);
INSERT INTO elecciones.voto (voto_partido, voto_mesa, voto_eleccion, voto_cantidad) VALUES(4,15,2,2);
INSERT INTO elecciones.voto (voto_partido, voto_mesa, voto_eleccion, voto_cantidad) VALUES(5,15,2,23);

INSERT INTO elecciones.voto (voto_partido, voto_mesa, voto_eleccion, voto_cantidad) VALUES(1,16,2,42);
INSERT INTO elecciones.voto (voto_partido, voto_mesa, voto_eleccion, voto_cantidad) VALUES(2,16,2,2);
INSERT INTO elecciones.voto (voto_partido, voto_mesa, voto_eleccion, voto_cantidad) VALUES(3,16,2,3);
INSERT INTO elecciones.voto (voto_partido, voto_mesa, voto_eleccion, voto_cantidad) VALUES(4,16,2,21);
INSERT INTO elecciones.voto (voto_partido, voto_mesa, voto_eleccion, voto_cantidad) VALUES(5,16,2,1);
INSERT INTO elecciones.voto (voto_partido, voto_mesa, voto_eleccion, voto_cantidad) VALUES(1,17,2,3);
INSERT INTO elecciones.voto (voto_partido, voto_mesa, voto_eleccion, voto_cantidad) VALUES(2,17,2,25);
INSERT INTO elecciones.voto (voto_partido, voto_mesa, voto_eleccion, voto_cantidad) VALUES(3,17,2,24);
INSERT INTO elecciones.voto (voto_partido, voto_mesa, voto_eleccion, voto_cantidad) VALUES(4,17,2,3);
INSERT INTO elecciones.voto (voto_partido, voto_mesa, voto_eleccion, voto_cantidad) VALUES(5,17,2,1);
INSERT INTO elecciones.voto (voto_partido, voto_mesa, voto_eleccion, voto_cantidad) VALUES(1,18,2,81);
INSERT INTO elecciones.voto (voto_partido, voto_mesa, voto_eleccion, voto_cantidad) VALUES(2,18,2,11);
INSERT INTO elecciones.voto (voto_partido, voto_mesa, voto_eleccion, voto_cantidad) VALUES(3,18,2,11);
INSERT INTO elecciones.voto (voto_partido, voto_mesa, voto_eleccion, voto_cantidad) VALUES(4,18,2,15);
INSERT INTO elecciones.voto (voto_partido, voto_mesa, voto_eleccion, voto_cantidad) VALUES(5,18,2,41);
INSERT INTO elecciones.voto (voto_partido, voto_mesa, voto_eleccion, voto_cantidad) VALUES(1,19,2,5);
INSERT INTO elecciones.voto (voto_partido, voto_mesa, voto_eleccion, voto_cantidad) VALUES(2,19,2,28);
INSERT INTO elecciones.voto (voto_partido, voto_mesa, voto_eleccion, voto_cantidad) VALUES(3,19,2,63);
INSERT INTO elecciones.voto (voto_partido, voto_mesa, voto_eleccion, voto_cantidad) VALUES(4,19,2,5);
INSERT INTO elecciones.voto (voto_partido, voto_mesa, voto_eleccion, voto_cantidad) VALUES(5,19,2,2);
INSERT INTO elecciones.voto (voto_partido, voto_mesa, voto_eleccion, voto_cantidad) VALUES(1,20,2,11);
INSERT INTO elecciones.voto (voto_partido, voto_mesa, voto_eleccion, voto_cantidad) VALUES(2,20,2,47);
INSERT INTO elecciones.voto (voto_partido, voto_mesa, voto_eleccion, voto_cantidad) VALUES(3,20,2,3);
INSERT INTO elecciones.voto (voto_partido, voto_mesa, voto_eleccion, voto_cantidad) VALUES(4,20,2,26);
INSERT INTO elecciones.voto (voto_partido, voto_mesa, voto_eleccion, voto_cantidad) VALUES(5,20,2,1);

INSERT INTO elecciones.voto (voto_partido, voto_mesa, voto_eleccion, voto_cantidad) VALUES(1,21,2,23);
INSERT INTO elecciones.voto (voto_partido, voto_mesa, voto_eleccion, voto_cantidad) VALUES(2,21,2,25);
INSERT INTO elecciones.voto (voto_partido, voto_mesa, voto_eleccion, voto_cantidad) VALUES(3,21,2,36);
INSERT INTO elecciones.voto (voto_partido, voto_mesa, voto_eleccion, voto_cantidad) VALUES(4,21,2,5);
INSERT INTO elecciones.voto (voto_partido, voto_mesa, voto_eleccion, voto_cantidad) VALUES(5,21,2,8);
INSERT INTO elecciones.voto (voto_partido, voto_mesa, voto_eleccion, voto_cantidad) VALUES(1,22,2,36);
INSERT INTO elecciones.voto (voto_partido, voto_mesa, voto_eleccion, voto_cantidad) VALUES(2,22,2,2);
INSERT INTO elecciones.voto (voto_partido, voto_mesa, voto_eleccion, voto_cantidad) VALUES(3,22,2,7);
INSERT INTO elecciones.voto (voto_partido, voto_mesa, voto_eleccion, voto_cantidad) VALUES(4,22,2,43);
INSERT INTO elecciones.voto (voto_partido, voto_mesa, voto_eleccion, voto_cantidad) VALUES(5,22,2,9);
INSERT INTO elecciones.voto (voto_partido, voto_mesa, voto_eleccion, voto_cantidad) VALUES(1,23,2,38);
INSERT INTO elecciones.voto (voto_partido, voto_mesa, voto_eleccion, voto_cantidad) VALUES(2,23,2,91);
INSERT INTO elecciones.voto (voto_partido, voto_mesa, voto_eleccion, voto_cantidad) VALUES(3,23,2,34);
INSERT INTO elecciones.voto (voto_partido, voto_mesa, voto_eleccion, voto_cantidad) VALUES(4,23,2,92);
INSERT INTO elecciones.voto (voto_partido, voto_mesa, voto_eleccion, voto_cantidad) VALUES(5,23,2,4);
INSERT INTO elecciones.voto (voto_partido, voto_mesa, voto_eleccion, voto_cantidad) VALUES(1,24,2,5);
INSERT INTO elecciones.voto (voto_partido, voto_mesa, voto_eleccion, voto_cantidad) VALUES(2,24,2,8);
INSERT INTO elecciones.voto (voto_partido, voto_mesa, voto_eleccion, voto_cantidad) VALUES(3,24,2,6);
INSERT INTO elecciones.voto (voto_partido, voto_mesa, voto_eleccion, voto_cantidad) VALUES(4,24,2,5);
INSERT INTO elecciones.voto (voto_partido, voto_mesa, voto_eleccion, voto_cantidad) VALUES(5,24,2,19);
INSERT INTO elecciones.voto (voto_partido, voto_mesa, voto_eleccion, voto_cantidad) VALUES(1,25,2,3);
INSERT INTO elecciones.voto (voto_partido, voto_mesa, voto_eleccion, voto_cantidad) VALUES(2,25,2,71);
INSERT INTO elecciones.voto (voto_partido, voto_mesa, voto_eleccion, voto_cantidad) VALUES(3,25,2,18);
INSERT INTO elecciones.voto (voto_partido, voto_mesa, voto_eleccion, voto_cantidad) VALUES(4,25,2,6);
INSERT INTO elecciones.voto (voto_partido, voto_mesa, voto_eleccion, voto_cantidad) VALUES(5,25,2,5);